Stage,Round,Date,Time,Timezone,Team 1,FT,HT,Team 2,P,Comments,UTC
Apertura,1,Fri Feb 2 2024,20:20,-05/-0500,Deportes Quindío,0-3 (*),,Atlético Huila,,awd.,2024-02-03T01:20Z
Apertura,1,Fri Feb 2 2024,16:00,-05/-0500,Bogotá FC,0-2,0-1,Unión Magdalena,,,2024-02-02T21:00Z
Apertura,1,Sat Feb 3 2024,15:30,-05/-0500,Barranquilla FC,2-2,0-0,Tigres FC,,,2024-02-03T20:30Z
Apertura,1,Sat Feb 3 2024,15:30,-05/-0500,Llaneros FC,2-0,1-0,Boca Juniors de Cali,,,2024-02-03T20:30Z
Apertura,1,Sat Feb 3 2024,15:45,-05/-0500,Real Cartagena,2-0,1-0,Internacional de Palmira,,,2024-02-03T20:45Z
Apertura,1,Sat Feb 3 2024,15:30,-05/-0500,Real Santander,0-0,0-0,Leones FC,,,2024-02-03T20:30Z
Apertura,1,Sun Feb 4 2024,15:30,-05/-0500,Atlético FC,0-1,0-0,Cúcuta Deportivo,,,2024-02-04T20:30Z
Apertura,1,Sun Feb 4 2024,15:30,-05/-0500,Orsomarso SC,1-1,0-1,Real Soacha Cundinamarca,,,2024-02-04T20:30Z
Apertura,2,Fri Feb 9 2024,15:30,-05/-0500,Tigres FC,0-0,0-0,Deportes Quindío,,,2024-02-09T20:30Z
Apertura,2,Fri Feb 9 2024,16:00,-05/-0500,Cúcuta Deportivo,2-1,1-1,Barranquilla FC,,,2024-02-09T21:00Z
Apertura,2,Sat Feb 10 2024,15:30,-05/-0500,Real Soacha Cundinamarca,4-2,1-0,Real Santander,,,2024-02-10T20:30Z
Apertura,2,Sat Feb 10 2024,15:30,-05/-0500,Boca Juniors de Cali,1-2,1-0,Bogotá FC,,,2024-02-10T20:30Z
Apertura,2,Sun Feb 11 2024,15:30,-05/-0500,Internacional de Palmira,0-1,0-0,Orsomarso SC,,,2024-02-11T20:30Z
Apertura,2,Mon Feb 12 2024,18:00,-05/-0500,Unión Magdalena,1-1,1-0,Llaneros FC,,,2024-02-12T23:00Z
Apertura,2,Mon Feb 12 2024,18:05,-05/-0500,Atlético Huila,2-0,1-0,Real Cartagena,,,2024-02-12T23:05Z
Apertura,2,Mon Feb 12 2024,16:00,-05/-0500,Leones FC,2-0,2-0,Atlético FC,,,2024-02-12T21:00Z
Apertura,3,Thu Feb 15 2024,15:30,-05/-0500,Real Santander,0-3,0-1,Tigres FC,,,2024-02-15T20:30Z
Apertura,3,Fri Feb 16 2024,15:30,-05/-0500,Orsomarso SC,1-3,0-2,Unión Magdalena,,,2024-02-16T20:30Z
Apertura,3,Fri Feb 16 2024,15:30,-05/-0500,Barranquilla FC,2-2,1-1,Leones FC,,,2024-02-16T20:30Z
Apertura,3,Fri Feb 16 2024,15:00,-05/-0500,Bogotá FC,2-2,1-1,Atlético FC,,,2024-02-16T20:00Z
Apertura,3,Sat Feb 17 2024,15:30,-05/-0500,Boca Juniors de Cali,0-2,0-2,Atlético Huila,,,2024-02-17T20:30Z
Apertura,3,Sat Feb 17 2024,15:30,-05/-0500,Deportes Quindío,3-2,1-1,Real Soacha Cundinamarca,,,2024-02-17T20:30Z
Apertura,3,Sat Feb 17 2024,16:00,-05/-0500,Real Cartagena,1-1,0-0,Cúcuta Deportivo,,,2024-02-17T21:00Z
Apertura,3,Sat Feb 17 2024,15:00,-05/-0500,Llaneros FC,1-2,1-1,Internacional de Palmira,,,2024-02-17T20:00Z
Apertura,4,Tue Feb 20 2024,15:30,-05/-0500,Tigres FC,0-1,0-0,Orsomarso SC,,,2024-02-20T20:30Z
Apertura,4,Tue Feb 20 2024,17:00,-05/-0500,Cúcuta Deportivo,1-0,0-0,Boca Juniors de Cali,,,2024-02-20T22:00Z
Apertura,4,Tue Feb 20 2024,18:00,-05/-0500,Unión Magdalena,1-3,0-1,Barranquilla FC,,,2024-02-20T23:00Z
Apertura,4,Tue Feb 20 2024,19:40,-05/-0500,Atlético Huila,1-0,0-0,Real Soacha Cundinamarca,,,2024-02-21T00:40Z
Apertura,4,Wed Feb 21 2024,16:00,-05/-0500,Internacional de Palmira,2-2,2-1,Leones FC,,,2024-02-21T21:00Z
Apertura,4,Thu Feb 22 2024,18:00,-05/-0500,Deportes Quindío,4-0,2-0,Real Santander,,,2024-02-22T23:00Z
Apertura,4,Fri Feb 23 2024,15:30,-05/-0500,Atlético FC,0-3,0-0,Llaneros FC,,,2024-02-23T20:30Z
Apertura,4,Fri Feb 23 2024,15:30,-05/-0500,Real Cartagena,3-0,1-0,Bogotá FC,,,2024-02-23T20:30Z
Apertura,5,Sat Feb 24 2024,15:30,-05/-0500,Orsomarso SC,0-1,0-1,Cúcuta Deportivo,,,2024-02-24T20:30Z
Apertura,5,Mon Feb 26 2024,15:30,-05/-0500,Leones FC,2-3,2-1,Tigres FC,,,2024-02-26T20:30Z
Apertura,5,Mon Feb 26 2024,16:00,-05/-0500,Boca Juniors de Cali,1-0,1-0,Barranquilla FC,,,2024-02-26T21:00Z
Apertura,5,Mon Feb 26 2024,15:00,-05/-0500,Real Soacha Cundinamarca,2-1,1-1,Internacional de Palmira,,,2024-02-26T20:00Z
Apertura,5,Tue Feb 27 2024,15:30,-05/-0500,Real Santander,1-1,1-1,Atlético FC,,,2024-02-27T20:30Z
Apertura,5,Tue Feb 27 2024,18:10,-05/-0500,Unión Magdalena,2-2,1-1,Deportes Quindío,,,2024-02-27T23:10Z
Apertura,5,Tue Feb 27 2024,15:00,-05/-0500,Bogotá FC,2-1,1-1,Atlético Huila,,,2024-02-27T20:00Z
Apertura,5,Wed Feb 28 2024,18:30,-05/-0500,Llaneros FC,0-0,0-0,Real Cartagena,,,2024-02-28T23:30Z
Apertura,6,Sat Mar 2 2024,15:00,-05/-0500,Tigres FC,1-0,0-0,Real Soacha Cundinamarca,,,2024-03-02T20:00Z
Apertura,6,Sat Mar 2 2024,15:30,-05/-0500,Internacional de Palmira,3-0,3-0,Bogotá FC,,,2024-03-02T20:30Z
Apertura,6,Sat Mar 2 2024,18:00,-05/-0500,Deportes Quindío,1-1,1-0,Orsomarso SC,,,2024-03-02T23:00Z
Apertura,6,Sun Mar 3 2024,15:30,-05/-0500,Atlético FC,0-3,0-1,Atlético Huila,,,2024-03-03T20:30Z
Apertura,6,Sun Mar 3 2024,15:30,-05/-0500,Real Cartagena,2-0,1-0,Boca Juniors de Cali,,,2024-03-03T20:30Z
Apertura,6,Mon Mar 4 2024,18:05,-05/-0500,Barranquilla FC,1-0,0-0,Real Santander,,,2024-03-04T23:05Z
Apertura,6,Mon Mar 4 2024,16:00,-05/-0500,Cúcuta Deportivo,1-1,0-0,Unión Magdalena,,,2024-03-04T21:00Z
Apertura,6,Tue Mar 5 2024,19:40,-05/-0500,Leones FC,0-3,0-1,Llaneros FC,,,2024-03-06T00:40Z
Apertura,7,Sun Mar 10 2024,15:00,-05/-0500,Bogotá FC,2-2,1-1,Deportes Quindío,,,2024-03-10T20:00Z
Apertura,7,Sun Mar 10 2024,15:30,-05/-0500,Internacional de Palmira,0-0,0-0,Tigres FC,,,2024-03-10T20:30Z
Apertura,7,Mon Mar 11 2024,15:30,-05/-0500,Boca Juniors de Cali,1-0,0-0,Leones FC,,,2024-03-11T20:30Z
Apertura,7,Mon Mar 11 2024,15:30,-05/-0500,Llaneros FC,2-1,1-0,Barranquilla FC,,,2024-03-11T20:30Z
Apertura,7,Mon Mar 11 2024,18:00,-05/-0500,Unión Magdalena,2-2,0-2,Real Cartagena,,,2024-03-11T23:00Z
Apertura,7,Mon Mar 11 2024,15:30,-05/-0500,Orsomarso SC,4-2,1-0,Real Santander,,,2024-03-11T20:30Z
Apertura,7,Tue Mar 12 2024,19:05,-05/-0500,Atlético Huila,2-1,2-0,Cúcuta Deportivo,,,2024-03-13T00:05Z
Apertura,7,Tue Mar 12 2024,17:00,-05/-0500,Real Soacha Cundinamarca,1-0,1-0,Atlético FC,,,2024-03-12T22:00Z
Apertura,8,Fri Mar 15 2024,15:30,-05/-0500,Barranquilla FC,0-0,0-0,Internacional de Palmira,,,2024-03-15T20:30Z
Apertura,8,Sat Mar 16 2024,15:30,-05/-0500,Real Santander,2-0,1-0,Unión Magdalena,,,2024-03-16T20:30Z
Apertura,8,Sat Mar 16 2024,15:30,-05/-0500,Atlético FC,0-2,0-1,Orsomarso SC,,,2024-03-16T20:30Z
Apertura,8,Sat Mar 16 2024,16:00,-05/-0500,Cúcuta Deportivo,6-0,5-0,Bogotá FC,,,2024-03-16T21:00Z
Apertura,8,Sun Mar 17 2024,15:00,-05/-0500,Real Soacha Cundinamarca,1-0,1-0,Boca Juniors de Cali,,,2024-03-17T20:00Z
Apertura,8,Mon Mar 18 2024,20:05,-05/-0500,Leones FC,1-2,1-1,Atlético Huila,,,2024-03-19T01:05Z
Apertura,8,Mon Mar 18 2024,18:00,-05/-0500,Tigres FC,1-1,0-0,Llaneros FC,,,2024-03-18T23:00Z
Apertura,8,Tue Mar 19 2024,19:30,-05/-0500,Deportes Quindío,1-0,0-0,Real Cartagena,,,2024-03-20T00:30Z
Apertura,9,Sun Mar 24 2024,15:30,-05/-0500,Llaneros FC,3-3,2-3,Real Soacha Cundinamarca,,,2024-03-24T20:30Z
Apertura,9,Sun Mar 24 2024,16:00,-05/-0500,Cúcuta Deportivo,2-1,2-0,Real Santander,,,2024-03-24T21:00Z
Apertura,9,Mon Mar 25 2024,18:00,-05/-0500,Orsomarso SC,4-2,2-0,Internacional de Palmira,,,2024-03-25T23:00Z
Apertura,9,Mon Mar 25 2024,18:30,-05/-0500,Boca Juniors de Cali,0-1,0-0,Atlético FC,,,2024-03-25T23:30Z
Apertura,9,Mon Mar 25 2024,16:00,-05/-0500,Unión Magdalena,2-3,1-1,Leones FC,,,2024-03-25T21:00Z
Apertura,9,Tue Mar 26 2024,16:00,-05/-0500,Real Cartagena,1-1,0-1,Barranquilla FC,,,2024-03-26T21:00Z
Apertura,9,Tue Mar 26 2024,20:05,-05/-0500,Bogotá FC,0-1,0-0,Tigres FC,,,2024-03-27T01:05Z
Apertura,9,Tue Mar 26 2024,15:30,-05/-0500,Atlético Huila,1-0,1-0,Deportes Quindío,,,2024-03-26T20:30Z
Apertura,10,Tue Apr 2 2024,15:30,-05/-0500,Internacional de Palmira,2-1,0-0,Boca Juniors de Cali,,,2024-04-02T20:30Z
Apertura,10,Wed Apr 3 2024,17:30,-05/-0500,Llaneros FC,0-0,0-0,Cúcuta Deportivo,,,2024-04-03T22:30Z
Apertura,10,Wed Apr 3 2024,19:40,-05/-0500,Leones FC,1-1,0-0,Orsomarso SC,,,2024-04-04T00:40Z
Apertura,10,Thu Apr 4 2024,18:00,-05/-0500,Real Soacha Cundinamarca,1-2,0-2,Unión Magdalena,,,2024-04-04T23:00Z
Apertura,10,Thu Apr 4 2024,15:30,-05/-0500,Atlético FC,0-2,0-2,Real Cartagena,,,2024-04-04T20:30Z
Apertura,10,Fri Apr 5 2024,15:30,-05/-0500,Tigres FC,0-1,0-1,Atlético Huila,,,2024-04-05T20:30Z
Apertura,10,Sat Apr 6 2024,15:30,-05/-0500,Barranquilla FC,1-0,1-0,Deportes Quindío,,,2024-04-06T20:30Z
Apertura,10,Sat Apr 6 2024,15:30,-05/-0500,Real Santander,3-0,1-0,Bogotá FC,,,2024-04-06T20:30Z
Apertura,11,Sat Apr 13 2024,15:30,-05/-0500,Boca Juniors de Cali,2-0,1-0,Tigres FC,,,2024-04-13T20:30Z
Apertura,11,Sat Apr 13 2024,16:00,-05/-0500,Unión Magdalena,2-0,1-0,Atlético FC,,,2024-04-13T21:00Z
Apertura,11,Sun Apr 14 2024,16:00,-05/-0500,Cúcuta Deportivo,1-1,1-1,Leones FC,,,2024-04-14T21:00Z
Apertura,11,Sun Apr 14 2024,16:00,-05/-0500,Real Cartagena,2-1,2-1,Real Soacha Cundinamarca,,,2024-04-14T21:00Z
Apertura,11,Sun Apr 14 2024,16:00,-05/-0500,Atlético Huila,1-0,0-0,Real Santander,,,2024-04-14T21:00Z
Apertura,11,Mon Apr 15 2024,17:35,-05/-0500,Bogotá FC,1-2,1-1,Llaneros FC,,,2024-04-15T22:35Z
Apertura,11,Mon Apr 15 2024,19:40,-05/-0500,Deportes Quindío,1-1,1-1,Internacional de Palmira,,,2024-04-16T00:40Z
Apertura,11,Mon Apr 15 2024,15:30,-05/-0500,Orsomarso SC,2-2,1-2,Barranquilla FC,,,2024-04-15T20:30Z
Apertura,12,Fri Apr 19 2024,16:00,-05/-0500,Tigres FC,4-0,1-0,Cúcuta Deportivo,,,2024-04-19T21:00Z
Apertura,12,Fri Apr 19 2024,16:00,-05/-0500,Internacional de Palmira,0-2,0-1,Unión Magdalena,,,2024-04-19T21:00Z
Apertura,12,Fri Apr 19 2024,18:05,-05/-0500,Llaneros FC,1-0,1-0,Orsomarso SC,,,2024-04-19T23:05Z
Apertura,12,Sat Apr 20 2024,15:00,-05/-0500,Leones FC,0-0,0-0,Real Cartagena,,,2024-04-20T20:00Z
Apertura,12,Sat Apr 20 2024,15:30,-05/-0500,Atlético Huila,2-0,1-0,Barranquilla FC,,,2024-04-20T20:30Z
Apertura,12,Sat Apr 20 2024,15:30,-05/-0500,Atlético FC,0-1,0-0,Deportes Quindío,,,2024-04-20T20:30Z
Apertura,12,Sat Apr 20 2024,14:00,-05/-0500,Real Soacha Cundinamarca,2-2,0-2,Bogotá FC,,,2024-04-20T19:00Z
Apertura,12,Sun Apr 21 2024,15:30,-05/-0500,Real Santander,2-3,0-3,Boca Juniors de Cali,,,2024-04-21T20:30Z
Apertura,13,Fri Apr 26 2024,15:30,-05/-0500,Atlético FC,1-3,0-2,Tigres FC,,,2024-04-26T20:30Z
Apertura,13,Fri Apr 26 2024,16:00,-05/-0500,Orsomarso SC,1-2,1-1,Boca Juniors de Cali,,,2024-04-26T21:00Z
Apertura,13,Fri Apr 26 2024,19:40,-05/-0500,Barranquilla FC,1-1,1-1,Real Soacha Cundinamarca,,,2024-04-27T00:40Z
Apertura,13,Sat Apr 27 2024,15:30,-05/-0500,Cúcuta Deportivo,1-0,1-0,Internacional de Palmira,,,2024-04-27T20:30Z
Apertura,13,Sat Apr 27 2024,15:00,-05/-0500,Bogotá FC,2-2,1-0,Leones FC,,,2024-04-27T20:00Z
Apertura,13,Sun Apr 28 2024,18:00,-05/-0500,Unión Magdalena,2-0,1-0,Atlético Huila,,,2024-04-28T23:00Z
Apertura,13,Sun Apr 28 2024,19:00,-05/-0500,Deportes Quindío,1-0,0-0,Llaneros FC,,,2024-04-29T00:00Z
Apertura,13,Sun Apr 28 2024,15:30,-05/-0500,Real Cartagena,3-1,2-0,Real Santander,,,2024-04-28T20:30Z
Apertura,14,Tue Apr 30 2024,15:30,-05/-0500,Internacional de Palmira,3-0,0-0,Atlético FC,,,2024-04-30T20:30Z
Apertura,14,Tue Apr 30 2024,19:40,-05/-0500,Tigres FC,0-0,0-0,Bogotá FC,,,2024-05-01T00:40Z
Apertura,14,Wed May 1 2024,15:30,-05/-0500,Real Soacha Cundinamarca,3-4,2-2,Llaneros FC,,,2024-05-01T20:30Z
Apertura,14,Thu May 2 2024,15:30,-05/-0500,Boca Juniors de Cali,2-1,0-1,Deportes Quindío,,,2024-05-02T20:30Z
Apertura,14,Thu May 2 2024,15:30,-05/-0500,Real Santander,0-3,0-2,Cúcuta Deportivo,,,2024-05-02T20:30Z
Apertura,14,Thu May 2 2024,15:30,-05/-0500,Barranquilla FC,0-1,0-0,Real Cartagena,,,2024-05-02T20:30Z
Apertura,14,Thu May 2 2024,16:00,-05/-0500,Atlético Huila,1-0,0-0,Orsomarso SC,,,2024-05-02T21:00Z
Apertura,14,Thu May 2 2024,15:00,-05/-0500,Leones FC,1-3,1-0,Unión Magdalena,,,2024-05-02T20:00Z
Apertura,15,Sun May 5 2024,15:00,-05/-0500,Bogotá FC,1-0,1-0,Barranquilla FC,,,2024-05-05T20:00Z
Apertura,15,Sun May 5 2024,15:00,-05/-0500,Unión Magdalena,0-0,0-0,Tigres FC,,,2024-05-05T20:00Z
Apertura,15,Sun May 5 2024,15:00,-05/-0500,Real Cartagena,1-2,1-0,Orsomarso SC,,,2024-05-05T20:00Z
Apertura,15,Sun May 5 2024,15:00,-05/-0500,Real Soacha Cundinamarca,4-2,3-1,Leones FC,,,2024-05-05T20:00Z
Apertura,15,Mon May 6 2024,16:00,-05/-0500,Internacional de Palmira,2-1,1-0,Atlético Huila,,,2024-05-06T21:00Z
Apertura,15,Mon May 6 2024,19:00,-05/-0500,Llaneros FC,4-0,4-0,Real Santander,,,2024-05-07T00:00Z
Apertura,15,Mon May 6 2024,19:30,-05/-0500,Deportes Quindío,1-1,0-1,Cúcuta Deportivo,,,2024-05-07T00:30Z
Apertura,15,Mon May 6 2024,15:00,-05/-0500,Atlético FC,0-4,0-2,Boca Juniors de Cali,,,2024-05-06T20:00Z
Apertura,16,Sat May 11 2024,15:00,-05/-0500,Barranquilla FC,4-0,2-0,Atlético FC,,,2024-05-11T20:00Z
Apertura,16,Sun May 12 2024,15:00,-05/-0500,Orsomarso SC,2-0,1-0,Bogotá FC,,,2024-05-12T20:00Z
Apertura,16,Sun May 12 2024,15:00,-05/-0500,Leones FC,2-2,0-0,Deportes Quindío,,,2024-05-12T20:00Z
Apertura,16,Sun May 12 2024,15:00,-05/-0500,Tigres FC,4-2,2-1,Real Cartagena,,,2024-05-12T20:00Z
Apertura,16,Sun May 12 2024,15:00,-05/-0500,Boca Juniors de Cali,0-0,0-0,Unión Magdalena,,,2024-05-12T20:00Z
Apertura,16,Sun May 12 2024,15:00,-05/-0500,Real Santander,0-2,0-1,Internacional de Palmira,,,2024-05-12T20:00Z
Apertura,16,Sun May 12 2024,15:00,-05/-0500,Atlético Huila,2-1,1-0,Llaneros FC,,,2024-05-12T20:00Z
Apertura,16,Sun May 12 2024,15:00,-05/-0500,Cúcuta Deportivo,3-2,1-2,Real Soacha Cundinamarca,,,2024-05-12T20:00Z
Apertura Playoffs,Gruppe B,Fri May 17 2024,20:05,-05/-0500,Deportes Quindío,1-1,0-1,Llaneros FC,,,2024-05-18T01:05Z
Apertura Playoffs,Gruppe B,Fri May 17 2024,18:00,-05/-0500,Unión Magdalena,2-0,1-0,Cúcuta Deportivo,,,2024-05-17T23:00Z
Apertura Playoffs,Gruppe A,Mon May 20 2024,20:05,-05/-0500,Tigres FC,0-1,0-0,Atlético Huila,,,2024-05-21T01:05Z
Apertura Playoffs,Gruppe A,Mon May 20 2024,15:00,-05/-0500,Orsomarso SC,0-0,0-0,Real Cartagena,,,2024-05-20T20:00Z
Apertura Playoffs,Gruppe B,Tue May 21 2024,19:00,-05/-0500,Llaneros FC,1-1,1-0,Unión Magdalena,,,2024-05-22T00:00Z
Apertura Playoffs,Gruppe B,Tue May 21 2024,15:30,-05/-0500,Cúcuta Deportivo,1-0,1-0,Deportes Quindío,,,2024-05-21T20:30Z
Apertura Playoffs,Gruppe A,Fri May 24 2024,20:10,-05/-0500,Real Cartagena,1-0,1-0,Tigres FC,,,2024-05-25T01:10Z
Apertura Playoffs,Gruppe A,Fri May 24 2024,18:00,-05/-0500,Atlético Huila,0-1,0-0,Orsomarso SC,,,2024-05-24T23:00Z
Apertura Playoffs,Gruppe B,Sun May 26 2024,15:00,-05/-0500,Llaneros FC,2-1,1-1,Cúcuta Deportivo,,,2024-05-26T20:00Z
Apertura Playoffs,Gruppe B,Sun May 26 2024,15:00,-05/-0500,Deportes Quindío,1-2,0-1,Unión Magdalena,,,2024-05-26T20:00Z
Apertura Playoffs,Gruppe A,Tue May 28 2024,16:00,-05/-0500,Orsomarso SC,4-1,1-0,Tigres FC,,,2024-05-28T21:00Z
Apertura Playoffs,Gruppe A,Tue May 28 2024,19:30,-05/-0500,Real Cartagena,2-0,0-0,Atlético Huila,,,2024-05-29T00:30Z
Apertura Playoffs,Gruppe B,Fri May 31 2024,15:00,-05/-0500,Cúcuta Deportivo,1-3,1-1,Llaneros FC,,,2024-05-31T20:00Z
Apertura Playoffs,Gruppe B,Fri May 31 2024,19:00,-05/-0500,Unión Magdalena,0-0,0-0,Deportes Quindío,,,2024-06-01T00:00Z
Apertura Playoffs,Gruppe A,Sat Jun 1 2024,15:00,-05/-0500,Tigres FC,0-1,0-0,Orsomarso SC,,,2024-06-01T20:00Z
Apertura Playoffs,Gruppe A,Sat Jun 1 2024,17:00,-05/-0500,Atlético Huila,2-0,0-0,Real Cartagena,,,2024-06-01T22:00Z
Apertura Playoffs,Gruppe B,Tue Jun 4 2024,19:05,-05/-0500,Unión Magdalena,2-1,0-0,Llaneros FC,,,2024-06-05T00:05Z
Apertura Playoffs,Gruppe B,Tue Jun 4 2024,17:00,-05/-0500,Deportes Quindío,1-0,1-0,Cúcuta Deportivo,,,2024-06-04T22:00Z
Apertura Playoffs,Gruppe A,Thu Jun 6 2024,19:30,-05/-0500,Tigres FC,0-1,0-0,Real Cartagena,,,2024-06-07T00:30Z
Apertura Playoffs,Gruppe A,Thu Jun 6 2024,16:00,-05/-0500,Orsomarso SC,1-0,0-0,Atlético Huila,,,2024-06-06T21:00Z
Apertura Playoffs,Gruppe A,Mon Jun 10 2024,19:15,-05/-0500,Real Cartagena,2-0,1-0,Orsomarso SC,,,2024-06-11T00:15Z
Apertura Playoffs,Gruppe A,Mon Jun 10 2024,19:15,-05/-0500,Atlético Huila,4-0,2-0,Tigres FC,,,2024-06-11T00:15Z
Apertura Playoffs,Gruppe B,Mon Jun 10 2024,17:10,-05/-0500,Llaneros FC,2-0,0-0,Deportes Quindío,,,2024-06-10T22:10Z
Apertura Playoffs,Gruppe B,Mon Jun 10 2024,17:10,-05/-0500,Cúcuta Deportivo,2-1,1-1,Unión Magdalena,,,2024-06-10T22:10Z
Apertura Playoffs,Final,Sun Jun 16 2024,15:30,-05/-0500,Orsomarso SC,0-0,0-0,Llaneros FC,,,2024-06-16T20:30Z
Apertura Playoffs,Final,Wed Jun 19 2024,19:00,-05/-0500,Llaneros FC,2-2,0-1,Orsomarso SC,4-3,,2024-06-20T00:00Z
Clausura,1,Fri Jul 19 2024,15:00,-05/-0500,Internacional de Palmira,0-0,0-0,Real Cartagena,,,2024-07-19T20:00Z
Clausura,1,Sun Jul 21 2024,15:00,-05/-0500,Atlético Huila,2-1,1-1,Deportes Quindío,,,2024-07-21T20:00Z
Clausura,1,Sun Jul 21 2024,15:00,-05/-0500,Cúcuta Deportivo,2-0,2-0,Atlético FC,,,2024-07-21T20:00Z
Clausura,1,Sun Jul 21 2024,15:30,-05/-0500,Tigres FC,1-1,1-0,Barranquilla FC,,,2024-07-21T20:30Z
Clausura,1,Mon Jul 22 2024,16:00,-05/-0500,Real Soacha Cundinamarca,2-0,2-0,Orsomarso SC,,,2024-07-22T21:00Z
Clausura,1,Mon Jul 22 2024,14:00,-05/-0500,Leones FC,2-0,1-0,Real Santander,,,2024-07-22T19:00Z
Clausura,1,Wed Jul 24 2024,15:00,-05/-0500,Boca Juniors de Cali,0-0,0-0,Llaneros FC,,,2024-07-24T20:00Z
Clausura,1,Thu Jul 25 2024,18:10,-05/-0500,Unión Magdalena,3-2,2-1,Bogotá FC,,,2024-07-25T23:10Z
Clausura,2,Fri Jul 26 2024,15:00,-05/-0500,Atlético FC,2-2,0-2,Leones FC,,,2024-07-26T20:00Z
Clausura,2,Fri Jul 26 2024,19:30,-05/-0500,Real Cartagena,1-0,1-0,Atlético Huila,,,2024-07-27T00:30Z
Clausura,2,Sat Jul 27 2024,15:30,-05/-0500,Deportes Quindío,3-1,1-1,Tigres FC,,,2024-07-27T20:30Z
Clausura,2,Sat Jul 27 2024,17:00,-05/-0500,Barranquilla FC,1-0,0-0,Cúcuta Deportivo,,,2024-07-27T22:00Z
Clausura,2,Sat Jul 27 2024,15:00,-05/-0500,Orsomarso SC,2-1,1-1,Internacional de Palmira,,,2024-07-27T20:00Z
Clausura,2,Mon Jul 29 2024,15:00,-05/-0500,Real Santander,0-1,0-1,Real Soacha Cundinamarca,,,2024-07-29T20:00Z
Clausura,2,Tue Jul 30 2024,16:00,-05/-0500,Bogotá FC,0-1,0-1,Boca Juniors de Cali,,,2024-07-30T21:00Z
Clausura,2,Thu Aug 1 2024,19:30,-05/-0500,Llaneros FC,1-1,1-1,Unión Magdalena,,,2024-08-02T00:30Z
Clausura,3,Fri Aug 2 2024,,,Leones FC,,,Barranquilla FC,,postponed,
Clausura,3,Sat Aug 3 2024,15:00,-05/-0500,Atlético Huila,0-2,0-0,Boca Juniors de Cali,,,2024-08-03T20:00Z
Clausura,3,Sun Aug 4 2024,16:00,-05/-0500,Tigres FC,1-0,0-0,Real Santander,,,2024-08-04T21:00Z
Clausura,3,Mon Aug 5 2024,15:00,-05/-0500,Atlético FC,3-0,2-0,Bogotá FC,,,2024-08-05T20:00Z
Clausura,3,Mon Aug 5 2024,17:30,-05/-0500,Real Soacha Cundinamarca,2-1,1-1,Deportes Quindío,,,2024-08-05T22:30Z
Clausura,4,Mon Aug 5 2024,,,Leones FC,,,Internacional de Palmira,,postponed,
Clausura,3,Tue Aug 6 2024,18:30,-05/-0500,Unión Magdalena,3-0,1-0,Orsomarso SC,,,2024-08-06T23:30Z
Clausura,3,Wed Aug 7 2024,16:00,-05/-0500,Cúcuta Deportivo,2-1,0-0,Real Cartagena,,,2024-08-07T21:00Z
Clausura,3,Wed Aug 7 2024,15:00,-05/-0500,Internacional de Palmira,0-2,0-0,Llaneros FC,,,2024-08-07T20:00Z
Clausura,4,Sat Aug 10 2024,15:00,-05/-0500,Real Santander,0-2,0-1,Deportes Quindío,,,2024-08-10T20:00Z
Clausura,4,Sun Aug 11 2024,15:00,-05/-0500,Real Soacha Cundinamarca,1-0,1-0,Atlético Huila,,,2024-08-11T20:00Z
Clausura,4,Sun Aug 11 2024,17:00,-05/-0500,Llaneros FC,3-0,2-0,Atlético FC,,,2024-08-11T22:00Z
Clausura,4,Mon Aug 12 2024,18:00,-05/-0500,Barranquilla FC,1-1,0-0,Unión Magdalena,,,2024-08-12T23:00Z
Clausura,4,Mon Aug 12 2024,16:00,-05/-0500,Orsomarso SC,1-0,1-0,Tigres FC,,,2024-08-12T21:00Z
Clausura,4,Tue Aug 13 2024,17:30,-05/-0500,Boca Juniors de Cali,0-1,0-1,Cúcuta Deportivo,,,2024-08-13T22:30Z
Clausura,4,Tue Aug 13 2024,15:30,-05/-0500,Bogotá FC,0-1,0-0,Real Cartagena,,,2024-08-13T20:30Z
Clausura,5,Fri Aug 16 2024,15:30,-05/-0500,Atlético FC,0-1,0-0,Real Santander,,,2024-08-16T20:30Z
Clausura,5,Sat Aug 17 2024,14:00,-05/-0500,Deportes Quindío,1-2,0-1,Unión Magdalena,,,2024-08-17T19:00Z
Clausura,5,Sat Aug 17 2024,15:00,-05/-0500,Atlético Huila,2-1,1-1,Bogotá FC,,,2024-08-17T20:00Z
Clausura,5,Sat Aug 17 2024,15:30,-05/-0500,Internacional de Palmira,0-0,0-0,Real Soacha Cundinamarca,,,2024-08-17T20:30Z
Clausura,5,Sat Aug 17 2024,16:00,-05/-0500,Cúcuta Deportivo,0-1,0-1,Orsomarso SC,,,2024-08-17T21:00Z
Clausura,5,Sat Aug 17 2024,17:00,-05/-0500,Barranquilla FC,1-1,0-1,Boca Juniors de Cali,,,2024-08-17T22:00Z
Clausura,5,Sat Aug 17 2024,18:30,-05/-0500,Real Cartagena,1-2,1-1,Llaneros FC,,,2024-08-17T23:30Z
Clausura,5,Sun Aug 18 2024,15:30,-05/-0500,Tigres FC,2-2,0-2,Leones FC,,,2024-08-18T20:30Z
Clausura,6,Wed Aug 21 2024,15:00,-05/-0500,Boca Juniors de Cali,1-4,1-3,Real Cartagena,,,2024-08-21T20:00Z
Clausura,6,Wed Aug 21 2024,16:00,-05/-0500,Real Santander,2-1,1-1,Barranquilla FC,,,2024-08-21T21:00Z
Clausura,6,Wed Aug 21 2024,17:30,-05/-0500,Atlético Huila,2-1,1-0,Atlético FC,,,2024-08-21T22:30Z
Clausura,6,Wed Aug 21 2024,19:30,-05/-0500,Unión Magdalena,1-1,0-1,Cúcuta Deportivo,,,2024-08-22T00:30Z
Clausura,6,Wed Aug 21 2024,15:00,-05/-0500,Bogotá FC,1-2,1-0,Internacional de Palmira,,,2024-08-21T20:00Z
Clausura,6,Thu Aug 22 2024,16:00,-05/-0500,Real Soacha Cundinamarca,1-0,1-0,Tigres FC,,,2024-08-22T21:00Z
Clausura,6,Thu Aug 22 2024,16:00,-05/-0500,Orsomarso SC,0-1,0-1,Deportes Quindío,,,2024-08-22T21:00Z
Clausura,6,Thu Aug 22 2024,19:30,-05/-0500,Llaneros FC,1-0,0-0,Leones FC,,,2024-08-23T00:30Z
Clausura,7,Sun Aug 25 2024,18:00,-05/-0500,Real Cartagena,2-0,1-0,Unión Magdalena,,,2024-08-25T23:00Z
Clausura,7,Mon Aug 26 2024,15:00,-05/-0500,Atlético FC,1-0,0-0,Real Soacha Cundinamarca,,,2024-08-26T20:00Z
Clausura,7,Mon Aug 26 2024,18:00,-05/-0500,Deportes Quindío,2-2,1-2,Bogotá FC,,,2024-08-26T23:00Z
Clausura,7,Mon Aug 26 2024,,,Real Santander,,,Orsomarso SC,,postponed,
Clausura,7,Tue Aug 27 2024,16:00,-05/-0500,Cúcuta Deportivo,1-2,0-0,Atlético Huila,,,2024-08-27T21:00Z
Clausura,7,Tue Aug 27 2024,17:00,-05/-0500,Tigres FC,1-0,0-0,Internacional de Palmira,,,2024-08-27T22:00Z
Clausura,7,Tue Aug 27 2024,17:30,-05/-0500,Leones FC,2-2,0-1,Boca Juniors de Cali,,,2024-08-27T22:30Z
Clausura,7,Tue Aug 27 2024,19:30,-05/-0500,Barranquilla FC,3-2,2-1,Llaneros FC,,,2024-08-28T00:30Z
Clausura,8,Sat Aug 31 2024,15:30,-05/-0500,Orsomarso SC,1-0,0-0,Atlético FC,,,2024-08-31T20:30Z
Clausura,8,Sat Aug 31 2024,17:00,-05/-0500,Unión Magdalena,4-0,2-0,Real Santander,,,2024-08-31T22:00Z
Clausura,8,Sat Aug 31 2024,19:30,-05/-0500,Llaneros FC,2-0,2-0,Tigres FC,,,2024-09-01T00:30Z
Clausura,8,Sat Aug 31 2024,14:00,-05/-0500,Boca Juniors de Cali,0-2,0-1,Real Soacha Cundinamarca,,,2024-08-31T19:00Z
Clausura,8,Sun Sep 1 2024,15:00,-05/-0500,Atlético Huila,2-1,1-1,Leones FC,,,2024-09-01T20:00Z
Clausura,8,Sun Sep 1 2024,15:00,-05/-0500,Internacional de Palmira,1-0,1-0,Barranquilla FC,,,2024-09-01T20:00Z
Clausura,8,Mon Sep 2 2024,19:30,-05/-0500,Real Cartagena,2-0,2-0,Deportes Quindío,,,2024-09-03T00:30Z
Clausura,8,Mon Sep 2 2024,15:00,-05/-0500,Bogotá FC,5-0,3-0,Cúcuta Deportivo,,,2024-09-02T20:00Z
Clausura,9,Wed Sep 4 2024,19:30,-05/-0500,Internacional de Palmira,0-0,0-0,Orsomarso SC,,,2024-09-05T00:30Z
Clausura,9,Wed Sep 4 2024,19:30,-05/-0500,Leones FC,1-1,0-1,Unión Magdalena,,,2024-09-05T00:30Z
Clausura,9,Thu Sep 5 2024,,,Atlético FC,,,Boca Juniors de Cali,,postponed,
Clausura,9,Thu Sep 5 2024,15:30,-05/-0500,Tigres FC,1-0,0-0,Bogotá FC,,,2024-09-05T20:30Z
Clausura,9,Fri Sep 6 2024,,,Real Santander,,,Cúcuta Deportivo,,postponed,
Clausura,9,Fri Sep 6 2024,15:00,-05/-0500,Real Soacha Cundinamarca,1-1,1-0,Llaneros FC,,,2024-09-06T20:00Z
Clausura,9,Fri Sep 6 2024,,,Deportes Quindío,,,Atlético Huila,,postponed,
Clausura,9,Sat Sep 7 2024,20:30,-05/-0500,Barranquilla FC,0-1,0-0,Real Cartagena,,,2024-09-08T01:30Z
Clausura,10,Sun Sep 8 2024,15:00,-05/-0500,Orsomarso SC,1-1,0-1,Leones FC,,,2024-09-08T20:00Z
Clausura,10,Sun Sep 8 2024,15:30,-05/-0500,Boca Juniors de Cali,1-2,0-1,Internacional de Palmira,,,2024-09-08T20:30Z
Clausura,10,Sun Sep 8 2024,18:00,-05/-0500,Atlético Huila,4-0,1-0,Tigres FC,,,2024-09-08T23:00Z
Clausura,10,Mon Sep 9 2024,19:00,-05/-0500,Bogotá FC,1-0,1-0,Real Santander,,,2024-09-10T00:00Z
Clausura,10,Wed Sep 11 2024,16:00,-05/-0500,Cúcuta Deportivo,0-1,0-0,Llaneros FC,,,2024-09-11T21:00Z
Clausura,10,Wed Sep 11 2024,16:00,-05/-0500,Unión Magdalena,1-0,0-0,Real Soacha Cundinamarca,,,2024-09-11T21:00Z
Clausura,10,Wed Sep 11 2024,19:30,-05/-0500,Real Cartagena,(*),,Atlético FC,,abandoned,2024-09-12T00:30Z
Clausura,10,Wed Sep 11 2024,15:00,-05/-0500,Deportes Quindío,1-0,1-0,Barranquilla FC,,,2024-09-11T20:00Z
Clausura,11,Sat Sep 14 2024,15:00,-05/-0500,Real Santander,,,Atlético Huila,,,2024-09-14T20:00Z
Clausura,11,Sat Sep 14 2024,19:00,-05/-0500,Llaneros FC,,,Bogotá FC,,,2024-09-15T00:00Z
Clausura,11,Sun Sep 15 2024,15:00,-05/-0500,Leones FC,,,Cúcuta Deportivo,,,2024-09-15T20:00Z
Clausura,11,Sun Sep 15 2024,15:00,-05/-0500,Tigres FC,,,Boca Juniors de Cali,,,2024-09-15T20:00Z
Clausura,11,Mon Sep 16 2024,17:30,-05/-0500,Internacional de Palmira,,,Deportes Quindío,,,2024-09-16T22:30Z
Clausura,11,Mon Sep 16 2024,17:00,-05/-0500,Barranquilla FC,,,Orsomarso SC,,,2024-09-16T22:00Z
Clausura,11,Tue Sep 17 2024,17:45,-05/-0500,Real Soacha Cundinamarca,,,Real Cartagena,,,2024-09-17T22:45Z
Clausura,11,Tue Sep 17 2024,15:30,-05/-0500,Atlético FC,,,Unión Magdalena,,,2024-09-17T20:30Z
Clausura,12,Sat Sep 21 2024,,,Real Cartagena,,,Leones FC,,,
Clausura,12,Sat Sep 21 2024,,,Cúcuta Deportivo,,,Tigres FC,,,
Clausura,12,Sat Sep 21 2024,,,Boca Juniors de Cali,,,Real Santander,,,
Clausura,12,Sat Sep 21 2024,,,Barranquilla FC,,,Atlético Huila,,,
Clausura,12,Sat Sep 21 2024,,,Orsomarso SC,,,Llaneros FC,,,
Clausura,12,Sat Sep 21 2024,,,Unión Magdalena,,,Internacional de Palmira,,,
Clausura,12,Sat Sep 21 2024,,,Deportes Quindío,,,Atlético FC,,,
Clausura,12,Sat Sep 21 2024,,,Bogotá FC,,,Real Soacha Cundinamarca,,,
Clausura,13,Fri Sep 27 2024,,,Boca Juniors de Cali,,,Orsomarso SC,,,
Clausura,13,Fri Sep 27 2024,,,Real Soacha Cundinamarca,,,Barranquilla FC,,,
Clausura,13,Fri Sep 27 2024,,,Internacional de Palmira,,,Cúcuta Deportivo,,,
Clausura,13,Fri Sep 27 2024,,,Llaneros FC,,,Deportes Quindío,,,
Clausura,13,Fri Sep 27 2024,,,Atlético Huila,,,Unión Magdalena,,,
Clausura,13,Fri Sep 27 2024,,,Real Santander,,,Real Cartagena,,,
Clausura,13,Fri Sep 27 2024,,,Tigres FC,,,Atlético FC,,,
Clausura,13,Fri Sep 27 2024,,,Leones FC,,,Bogotá FC,,,
Clausura,14,Fri Oct 4 2024,,,Unión Magdalena,,,Leones FC,,,
Clausura,14,Fri Oct 4 2024,,,Bogotá FC,,,Tigres FC,,,
Clausura,14,Fri Oct 4 2024,,,Deportes Quindío,,,Boca Juniors de Cali,,,
Clausura,14,Fri Oct 4 2024,,,Cúcuta Deportivo,,,Real Santander,,,
Clausura,14,Fri Oct 4 2024,,,Real Cartagena,,,Barranquilla FC,,,
Clausura,14,Fri Oct 4 2024,,,Orsomarso SC,,,Atlético Huila,,,
Clausura,14,Fri Oct 4 2024,,,Atlético FC,,,Internacional de Palmira,,,
Clausura,14,Fri Oct 4 2024,,,Llaneros FC,,,Real Soacha Cundinamarca,,,
Clausura,15,Sat Oct 12 2024,,,Barranquilla FC,,,Bogotá FC,,,
Clausura,15,Sat Oct 12 2024,,,Real Santander,,,Llaneros FC,,,
Clausura,15,Sat Oct 12 2024,,,Atlético Huila,,,Internacional de Palmira,,,
Clausura,15,Sat Oct 12 2024,,,Cúcuta Deportivo,,,Deportes Quindío,,,
Clausura,15,Sat Oct 12 2024,,,Tigres FC,,,Unión Magdalena,,,
Clausura,15,Sat Oct 12 2024,,,Orsomarso SC,,,Real Cartagena,,,
Clausura,15,Sat Oct 12 2024,,,Boca Juniors de Cali,,,Atlético FC,,,
Clausura,15,Sat Oct 12 2024,,,Leones FC,,,Real Soacha Cundinamarca,,,
Clausura,16,Sat Oct 19 2024,,,Deportes Quindío,,,Leones FC,,,
Clausura,16,Sat Oct 19 2024,,,Real Cartagena,,,Tigres FC,,,
Clausura,16,Sat Oct 19 2024,,,Unión Magdalena,,,Boca Juniors de Cali,,,
Clausura,16,Sat Oct 19 2024,,,Internacional de Palmira,,,Real Santander,,,
Clausura,16,Sat Oct 19 2024,,,Atlético FC,,,Barranquilla FC,,,
Clausura,16,Sat Oct 19 2024,,,Llaneros FC,,,Atlético Huila,,,
Clausura,16,Sat Oct 19 2024,,,Real Soacha Cundinamarca,,,Cúcuta Deportivo,,,
Clausura,16,Sat Oct 19 2024,,,Bogotá FC,,,Orsomarso SC,,,
